game_id,platform,genre,metacritic_score,user_score,units_sold_millions,price_usd,development_time_months,multiplayer,indie,dlc_count,release_year
1,PC,Action,58,7.5,1.49,59.99,79,1,0,1,2024
2,Nintendo Switch,FPS,79,6.1,5.46,19.99,54,0,0,2,2023
3,Mobile,Action,79,6.7,0.26,19.99,7,0,0,2,2022
4,Xbox,Action,92,6.2,0.99,69.99,8,1,0,2,2018
5,Nintendo Switch,FPS,85,9.3,37.77,19.99,28,1,0,1,2021
6,Xbox,RPG,74,7.2,20.04,29.99,79,0,0,0,2022
7,Mobile,Action,87,4.6,32.24,9.99,24,1,0,4,2021
8,Nintendo Switch,RPG,67,8.9,15.05,49.99,23,1,0,0,2019
9,Mobile,Racing,68,4.3,1.05,49.99,40,0,0,1,2024
10,Xbox,Strategy,91,10.0,1.27,9.99,59,0,1,3,2015
11,Mobile,Puzzle,68,7.1,11.99,59.99,65,0,0,1,2020
12,Xbox,Fighting,78,6.1,13.74,49.99,14,1,1,1,2022
13,PC,Adventure,77,6.5,21.74,59.99,57,1,1,1,2020
14,Xbox,Adventure,74,4.6,3.63,49.99,55,1,0,1,2022
15,Xbox,Sports,99,6.8,2.47,9.99,17,0,1,2,2020
16,PC,Puzzle,70,6.3,16.35,19.99,22,1,1,2,2016
17,Nintendo Switch,Racing,98,6.9,0.27,69.99,54,1,0,1,2020
18,PlayStation,Puzzle,55,8.3,2.11,59.99,53,0,0,1,2023
19,Nintendo Switch,Adventure,71,7.5,1.85,69.99,32,1,0,3,2016
20,PlayStation,Action,68,5.3,1.88,39.99,19,1,1,1,2017
21,PC,Simulation,83,5.5,19.84,59.99,60,0,0,0,2023
22,Nintendo Switch,Fighting,51,7.4,6.88,69.99,18,1,0,1,2021
23,Mobile,FPS,77,7.7,3.27,69.99,8,1,0,2,2015
24,Mobile,Racing,85,6.9,0.28,59.99,69,1,0,2,2018
25,Nintendo Switch,Racing,67,7.8,0.5,69.99,77,1,1,0,2018
26,Mobile,FPS,62,7.2,9.13,59.99,28,1,1,2,2024
27,PC,Simulation,62,7.3,3.98,69.99,78,1,0,3,2019
28,Mobile,Action,79,8.3,17.16,9.99,44,1,0,2,2021
29,Mobile,Fighting,48,9.9,0.93,49.99,63,1,1,6,2019
30,PlayStation,Puzzle,52,7.4,2.9,49.99,23,0,1,2,2024
31,PlayStation,Sports,73,10.0,2.11,39.99,59,0,0,1,2020
32,Xbox,Strategy,80,7.2,10.25,39.99,36,1,1,2,2023
33,PC,Action,76,7.2,59.86,59.99,69,0,1,1,2016
34,Mobile,Fighting,81,9.9,1.17,69.99,47,0,1,0,2020
35,PC,Racing,56,6.8,0.13,39.99,42,0,0,2,2020
36,PC,Fighting,45,4.3,5.65,9.99,75,0,0,3,2015
37,PlayStation,Fighting,85,5.4,5.06,19.99,83,1,1,2,2020
38,Mobile,Racing,52,8.4,0.18,39.99,47,1,1,4,2021
39,Xbox,Adventure,79,7.7,0.62,59.99,34,0,1,1,2021
40,Nintendo Switch,Adventure,44,5.6,1.41,29.99,75,0,0,1,2017
41,Xbox,FPS,82,4.1,15.12,59.99,8,1,1,4,2022
42,PlayStation,Fighting,71,6.4,0.58,19.99,23,1,1,3,2021
43,Xbox,Puzzle,87,8.8,1.82,39.99,34,1,0,0,2018
44,PlayStation,Sports,83,6.8,0.14,69.99,57,1,0,0,2018
45,PlayStation,Simulation,66,6.5,5.65,49.99,47,1,1,3,2024
46,PC,Strategy,63,5.4,0.42,69.99,57,0,0,2,2021
47,Mobile,Puzzle,76,6.5,70.81,9.99,41,0,0,8,2016
48,Nintendo Switch,Adventure,64,7.8,0.76,49.99,13,1,1,4,2019
49,PlayStation,FPS,22,6.7,11.29,49.99,7,1,0,2,2020
50,PlayStation,RPG,67,6.7,6.07,9.99,56,1,1,1,2018
51,PC,Puzzle,59,8.7,0.74,19.99,20,1,0,3,2015
52,Nintendo Switch,Simulation,63,5.8,14.37,49.99,22,1,0,5,2015
53,PlayStation,Adventure,76,7.7,0.13,19.99,18,0,0,1,2017
54,Mobile,Simulation,90,6.8,2.62,69.99,59,1,1,4,2023
55,Mobile,Action,99,9.5,7.84,9.99,30,0,1,0,2016
56,PC,Strategy,79,8.3,1.89,39.99,79,0,1,1,2019
57,PlayStation,Puzzle,63,9.0,0.49,49.99,80,1,0,2,2021
58,Nintendo Switch,Puzzle,86,7.9,29.07,49.99,38,1,0,3,2016
59,PC,Strategy,49,6.3,2.25,9.99,83,1,0,1,2015
60,PC,FPS,61,9.1,1.18,9.99,27,1,0,0,2021
61,Xbox,Fighting,68,7.5,0.52,39.99,49,1,1,1,2019
62,PC,Action,43,7.3,3.14,69.99,9,1,0,2,2021
63,Xbox,Puzzle,75,5.8,1.97,9.99,31,0,1,2,2015
64,Xbox,Simulation,59,8.1,1.76,69.99,6,1,0,2,2020
65,PlayStation,Fighting,75,6.4,32.35,29.99,15,1,1,1,2020
66,Mobile,Racing,68,6.2,31.48,29.99,7,1,0,5,2021
67,Nintendo Switch,Racing,59,7.4,3.96,59.99,34,0,1,0,2022
68,PC,Racing,57,6.1,7.62,59.99,30,1,1,5,2023
69,PlayStation,Puzzle,71,5.9,0.29,9.99,65,1,1,4,2024
70,Nintendo Switch,Action,82,5.6,3.12,39.99,18,0,0,2,2019
71,PC,Strategy,82,8.5,4.06,69.99,45,1,1,2,2018
72,Mobile,Racing,76,9.1,1.96,29.99,39,1,1,2,2019
73,Mobile,Action,80,9.9,1.41,49.99,40,0,1,3,2024
74,Xbox,RPG,73,8.4,0.83,39.99,44,1,1,1,2019
75,Xbox,RPG,62,3.5,2.87,9.99,47,1,0,5,2023
76,Nintendo Switch,Adventure,93,7.5,15.14,29.99,30,0,0,0,2021
77,PC,Puzzle,62,6.6,19.42,39.99,19,1,1,5,2016
78,Xbox,Strategy,95,10.0,2.72,59.99,6,1,0,2,2016
79,PlayStation,Racing,81,7.6,13.45,69.99,44,1,1,5,2015
80,Xbox,Racing,68,5.8,0.67,49.99,35,1,0,4,2016
81,Nintendo Switch,RPG,52,5.9,6.33,69.99,10,1,0,3,2016
82,PlayStation,Adventure,77,4.4,2.3,9.99,76,1,1,1,2019
83,Mobile,FPS,71,6.9,0.98,19.99,67,0,0,3,2023
84,PlayStation,Sports,90,4.6,68.99,29.99,82,0,1,3,2021
85,Nintendo Switch,RPG,56,4.0,1.34,49.99,36,0,0,2,2019
86,Mobile,FPS,87,5.6,1.57,39.99,12,0,1,1,2024
87,PC,Fighting,94,5.5,1.36,29.99,34,0,0,2,2018
88,Nintendo Switch,Simulation,61,7.1,4.57,59.99,56,0,1,1,2020
89,Xbox,RPG,83,7.6,20.55,29.99,82,1,1,2,2018
90,Nintendo Switch,Adventure,93,7.0,0.48,9.99,56,1,0,2,2024
91,Nintendo Switch,Sports,92,6.8,5.56,49.99,76,1,0,2,2021
92,Nintendo Switch,Adventure,87,7.6,4.58,29.99,74,0,0,1,2017
93,Mobile,Adventure,97,8.7,0.24,29.99,19,1,1,3,2022
94,Nintendo Switch,Fighting,73,5.5,20.62,49.99,28,0,0,1,2022
95,PC,Action,71,7.5,4.07,39.99,48,0,0,1,2017
96,Nintendo Switch,FPS,95,7.0,8.04,9.99,61,0,0,0,2021
97,Xbox,Action,36,7.6,0.12,29.99,26,0,0,1,2015
98,PlayStation,Strategy,67,6.7,24.45,59.99,35,0,0,2,2019
99,Mobile,Racing,59,5.7,59.73,49.99,81,1,0,2,2023
100,Xbox,Simulation,72,6.8,2.17,19.99,45,0,0,3,2016
101,PC,Sports,78,5.9,0.92,59.99,27,1,0,3,2017
102,Nintendo Switch,Puzzle,80,5.5,0.07,59.99,7,0,1,3,2018
103,Mobile,Sports,73,8.8,0.39,39.99,28,1,1,1,2016
104,Mobile,Simulation,74,7.2,9.54,9.99,67,1,0,4,2024
105,Mobile,Strategy,86,4.0,2.59,19.99,35,1,1,3,2020
106,Xbox,FPS,63,2.1,0.28,69.99,32,0,0,3,2019
107,PlayStation,RPG,66,6.8,26.79,69.99,80,1,0,3,2019
108,PlayStation,Strategy,58,6.1,1.0,39.99,42,1,0,2,2022
109,PC,Racing,71,7.0,0.3,29.99,75,1,0,2,2020
110,Xbox,Puzzle,47,7.4,2.91,9.99,21,0,0,0,2015
111,Xbox,Adventure,91,7.0,5.84,39.99,25,1,1,4,2015
112,Xbox,Simulation,83,5.8,0.36,39.99,79,1,1,1,2024
113,Nintendo Switch,Sports,57,8.5,1.73,59.99,51,1,0,3,2024
114,Xbox,Strategy,90,5.3,27.32,39.99,79,1,1,5,2019
115,Xbox,Simulation,68,8.8,0.36,69.99,30,1,1,1,2017
116,Mobile,Action,61,7.9,4.6,39.99,64,1,0,1,2022
117,Mobile,RPG,77,6.0,1.69,19.99,37,1,0,2,2016
118,Mobile,Racing,47,7.7,6.08,9.99,22,1,1,1,2019
119,Xbox,Simulation,66,6.5,0.56,29.99,15,1,0,1,2020
120,Xbox,Fighting,77,9.0,3.86,9.99,22,0,1,3,2017
121,Mobile,Fighting,98,6.0,0.65,59.99,7,1,0,0,2022
122,PC,Sports,52,8.2,0.14,19.99,71,1,1,0,2022
123,PC,Puzzle,54,5.1,0.33,9.99,34,1,1,0,2020
124,PlayStation,Adventure,68,7.5,1.96,19.99,9,0,0,2,2023
125,Nintendo Switch,Adventure,67,7.4,3.86,19.99,35,1,0,2,2017
126,Nintendo Switch,Racing,83,8.0,16.71,19.99,66,0,0,1,2017
127,PlayStation,Puzzle,94,7.7,4.65,19.99,63,1,1,0,2022
128,Mobile,Adventure,87,6.5,28.16,39.99,81,1,0,2,2024
129,Mobile,Simulation,65,4.1,2.01,9.99,39,1,0,2,2018
130,Xbox,Puzzle,93,5.0,6.22,49.99,83,0,0,1,2024
131,Nintendo Switch,FPS,70,3.9,0.62,19.99,29,0,0,4,2015
132,Xbox,Sports,79,6.6,4.36,19.99,30,1,0,1,2022
133,Xbox,Strategy,78,8.7,1.55,9.99,30,1,1,3,2022
134,Nintendo Switch,Racing,78,5.9,1.32,39.99,35,1,0,1,2019
135,Mobile,Sports,85,6.4,3.02,69.99,60,1,0,3,2016
136,PC,RPG,84,6.1,0.32,29.99,29,1,0,0,2021
137,Mobile,RPG,82,7.4,4.47,19.99,44,0,0,0,2018
138,Mobile,FPS,64,7.3,7.82,39.99,82,1,0,2,2022
139,Xbox,Racing,58,6.4,0.95,59.99,7,1,0,0,2024
140,Xbox,Action,83,5.5,3.58,69.99,39,0,0,2,2020
141,Xbox,Puzzle,77,7.9,17.73,39.99,21,0,1,1,2021
142,Nintendo Switch,Adventure,85,8.6,8.43,69.99,53,0,0,1,2024
143,Nintendo Switch,RPG,65,8.2,2.23,49.99,29,1,1,1,2016
144,PlayStation,Strategy,83,5.3,4.92,19.99,55,0,1,1,2019
145,Xbox,FPS,67,3.6,25.51,39.99,7,1,0,3,2018
146,Nintendo Switch,Adventure,66,6.6,3.98,49.99,44,0,0,1,2017
147,PlayStation,Action,89,9.1,11.25,39.99,64,1,0,2,2021
148,Xbox,Simulation,88,4.0,8.97,59.99,28,0,1,1,2015
149,Xbox,RPG,75,6.4,3.13,59.99,17,0,0,1,2020
150,PC,FPS,66,9.4,18.83,49.99,82,1,1,2,2017
151,Nintendo Switch,Simulation,70,8.5,0.6,59.99,74,0,0,2,2021
152,PlayStation,Adventure,74,7.3,5.16,69.99,20,0,1,0,2023
153,Xbox,Action,66,5.2,1.19,69.99,65,1,0,2,2017
154,Nintendo Switch,Racing,76,9.2,10.36,49.99,69,1,1,1,2015
155,PlayStation,Strategy,64,6.7,2.65,69.99,7,0,0,1,2017
156,PC,FPS,95,3.6,11.39,59.99,75,1,0,2,2023
157,PlayStation,Fighting,42,9.2,8.57,49.99,69,1,0,1,2024
158,Xbox,RPG,62,5.4,1.45,39.99,41,1,0,0,2018
159,Mobile,Puzzle,83,10.0,6.09,29.99,18,1,1,0,2017
160,Mobile,Sports,95,6.7,5.4,9.99,7,1,0,3,2021
161,PC,FPS,63,7.6,2.0,49.99,10,1,0,3,2021
162,Xbox,RPG,68,7.1,9.98,59.99,45,0,0,0,2018
163,Xbox,Adventure,78,6.6,2.31,19.99,69,1,0,1,2023
164,Nintendo Switch,Sports,79,8.2,0.84,9.99,44,1,1,5,2023
165,Mobile,RPG,74,7.3,4.18,29.99,40,1,0,0,2016
166,Nintendo Switch,Fighting,83,7.1,5.38,69.99,62,1,0,0,2021
167,Xbox,RPG,76,5.5,0.03,9.99,46,1,0,1,2022
168,PC,Adventure,76,6.8,99.13,9.99,50,0,0,0,2022
169,Mobile,Strategy,95,5.2,189.78,29.99,39,1,1,1,2024
170,Nintendo Switch,RPG,69,7.6,0.78,19.99,24,0,0,1,2015
171,PC,Simulation,68,7.5,6.85,49.99,47,0,1,4,2016
172,Xbox,Action,67,7.3,0.55,39.99,22,1,1,2,2022
173,PlayStation,Fighting,63,8.9,0.22,19.99,40,1,0,2,2021
174,PlayStation,RPG,70,8.2,1.37,59.99,81,0,1,1,2021
175,Mobile,FPS,62,10.0,0.34,19.99,40,1,1,3,2015
176,PC,Fighting,78,8.5,6.06,49.99,11,1,0,4,2016
177,Nintendo Switch,Puzzle,79,7.2,10.16,69.99,57,1,0,1,2016
178,PC,Action,75,6.6,38.12,19.99,79,0,0,1,2017
179,Mobile,Fighting,77,4.9,2.92,59.99,48,1,1,1,2017
180,Xbox,Racing,84,9.1,9.92,69.99,28,1,0,0,2017
181,PC,RPG,56,7.9,4.88,69.99,48,0,1,3,2018
182,Mobile,RPG,76,6.3,4.19,19.99,58,0,1,2,2018
183,Mobile,Racing,96,7.5,0.61,59.99,77,1,0,4,2023
184,Nintendo Switch,RPG,64,7.2,1.9,9.99,78,1,1,3,2017
185,Xbox,Sports,100,6.9,1.57,9.99,72,1,1,1,2017
186,PC,Puzzle,67,8.4,6.59,29.99,71,1,0,1,2023
187,Mobile,RPG,75,4.7,0.12,59.99,39,0,0,2,2018
188,Xbox,Sports,76,8.3,13.17,29.99,40,1,1,2,2020
189,Nintendo Switch,Strategy,50,9.0,1.82,29.99,32,0,1,0,2024
190,Mobile,RPG,60,5.3,1.0,39.99,32,0,1,1,2019
191,Nintendo Switch,FPS,81,4.1,4.56,49.99,69,1,0,2,2024
192,Xbox,FPS,68,7.7,2.62,39.99,44,1,1,0,2017
193,Nintendo Switch,Puzzle,58,8.4,3.45,39.99,65,1,1,4,2022
194,PC,FPS,90,5.7,19.35,29.99,78,1,0,1,2019
195,Nintendo Switch,Puzzle,76,4.9,0.19,49.99,28,0,1,1,2022
196,PlayStation,Simulation,69,4.2,0.34,39.99,83,1,0,3,2020
197,PlayStation,FPS,100,8.6,1.18,9.99,16,1,0,1,2023
198,PlayStation,Adventure,57,6.8,22.13,39.99,9,1,0,2,2016
199,PlayStation,RPG,56,9.0,8.9,69.99,56,0,0,1,2021
200,PC,Simulation,66,2.8,2.26,9.99,43,1,1,0,2024
201,Mobile,Sports,76,7.1,6.74,39.99,56,0,1,1,2018
202,PlayStation,Strategy,78,8.7,9.58,59.99,53,1,0,1,2024
203,PlayStation,Sports,61,5.6,5.91,59.99,41,1,1,0,2021
204,Mobile,Fighting,51,8.1,13.82,49.99,30,1,0,2,2023
205,PlayStation,Simulation,80,5.4,3.54,59.99,10,0,0,0,2024
206,Mobile,RPG,65,5.6,5.67,69.99,79,1,1,2,2015
207,PlayStation,Fighting,72,7.1,5.72,9.99,74,0,1,1,2019
208,Mobile,Puzzle,73,6.1,1.47,59.99,28,0,0,0,2020
209,Mobile,Strategy,86,9.1,2.22,9.99,19,1,1,2,2018
210,Xbox,Racing,64,7.0,5.83,29.99,57,1,0,1,2024
211,Nintendo Switch,FPS,95,9.1,0.63,9.99,53,0,0,1,2020
212,Mobile,Sports,69,8.0,0.92,59.99,62,0,0,2,2015
213,PlayStation,Strategy,51,5.6,1.84,69.99,38,0,0,2,2022
214,PC,Racing,56,7.3,2.95,69.99,43,1,1,0,2020
215,Mobile,RPG,56,5.8,2.64,69.99,70,0,1,2,2024
216,PlayStation,Adventure,61,8.7,2.65,69.99,11,1,1,4,2018
217,Mobile,Racing,75,9.2,3.33,39.99,26,0,1,2,2019
218,Xbox,RPG,87,4.4,1.91,69.99,32,0,0,0,2022
219,PC,Strategy,38,7.8,0.98,69.99,74,1,0,0,2016
220,PC,Puzzle,85,8.8,2.87,39.99,11,1,0,0,2018
221,PlayStation,Fighting,93,8.3,7.09,29.99,45,1,0,4,2021
222,Nintendo Switch,Strategy,100,6.8,9.88,19.99,30,1,1,0,2016
223,Xbox,Simulation,78,10.0,0.14,9.99,74,1,0,3,2020
224,Nintendo Switch,Sports,45,7.4,0.61,9.99,67,1,0,4,2023
225,PC,FPS,51,4.8,11.2,9.99,51,0,0,3,2016
226,PC,Simulation,85,8.0,1.79,69.99,53,1,1,0,2018
227,Nintendo Switch,FPS,73,8.6,0.17,39.99,43,1,0,2,2024
228,Mobile,FPS,62,7.9,16.99,49.99,66,1,1,1,2024
229,Nintendo Switch,Puzzle,49,7.3,12.29,49.99,22,0,0,0,2019
230,Nintendo Switch,Simulation,55,4.9,0.46,49.99,53,1,0,0,2024
231,Mobile,Strategy,79,4.5,0.47,29.99,38,1,0,2,2022
232,Mobile,Fighting,79,5.5,238.25,29.99,23,0,0,1,2019
233,Mobile,FPS,86,3.4,0.69,39.99,41,0,1,0,2019
234,Xbox,Puzzle,91,9.3,16.86,49.99,59,1,1,1,2024
235,PC,RPG,58,7.1,27.57,19.99,8,1,1,4,2023
236,PC,Fighting,85,6.5,0.31,59.99,25,0,1,1,2024
237,Mobile,Fighting,60,4.8,0.69,9.99,36,1,1,1,2020
238,Mobile,Action,70,5.1,12.77,49.99,26,1,0,0,2019
239,Xbox,Action,61,7.0,0.35,19.99,39,1,1,3,2017
240,Xbox,Fighting,83,6.6,0.55,9.99,62,0,0,1,2015
241,PlayStation,Puzzle,63,7.2,2.03,9.99,42,1,0,2,2020
242,Nintendo Switch,Sports,81,5.0,2.25,29.99,6,1,0,4,2024
243,PC,Racing,79,7.6,13.96,69.99,62,0,0,1,2023
244,PC,Adventure,89,8.9,6.32,19.99,60,1,1,0,2018
245,Xbox,Simulation,80,6.6,3.71,49.99,36,1,0,2,2022
246,Nintendo Switch,Strategy,100,8.2,2.18,69.99,28,1,0,4,2016
247,Xbox,Strategy,62,6.7,0.56,49.99,80,0,0,2,2016
248,PlayStation,Strategy,83,6.4,16.85,39.99,53,0,0,0,2018
249,PlayStation,Simulation,78,7.6,3.35,69.99,25,1,0,2,2016
250,PlayStation,FPS,60,6.3,7.27,19.99,12,1,1,1,2020
251,Xbox,Adventure,86,6.1,3.79,9.99,7,1,0,2,2022
252,Nintendo Switch,Fighting,84,8.6,3.22,59.99,45,1,0,2,2017
253,Mobile,Action,62,4.3,3.18,69.99,29,1,0,2,2017
254,PC,Racing,46,7.1,2.74,69.99,79,0,0,3,2018
255,Mobile,Simulation,70,5.4,2.2,29.99,14,1,0,1,2019
256,Nintendo Switch,Fighting,61,9.7,1.11,39.99,48,0,0,1,2017
257,Xbox,Simulation,74,8.4,6.03,29.99,56,1,0,2,2020
258,Xbox,Strategy,72,8.9,14.68,9.99,83,1,0,1,2019
259,Xbox,Fighting,98,7.3,3.9,69.99,55,1,0,2,2022
260,PlayStation,Simulation,60,7.9,30.18,9.99,81,1,0,0,2024
261,PlayStation,Action,80,7.3,1.36,59.99,27,1,0,2,2018
262,PlayStation,Racing,51,6.2,68.05,29.99,15,1,0,1,2020
263,Mobile,Adventure,57,9.7,5.28,39.99,72,1,1,1,2023
264,PC,Sports,65,8.1,0.04,9.99,9,0,1,2,2020
265,Xbox,Simulation,59,5.8,47.86,49.99,35,0,0,3,2024
266,Xbox,Adventure,78,4.7,0.65,49.99,27,0,0,1,2019
267,Mobile,Racing,71,5.5,3.72,69.99,78,0,1,3,2022
268,PC,Racing,84,7.1,5.85,49.99,46,1,1,2,2018
269,PC,Action,56,6.0,3.02,59.99,21,0,0,1,2020
270,Mobile,Adventure,74,8.4,2.29,39.99,61,1,0,3,2021
271,Xbox,Racing,60,7.4,1.04,39.99,74,1,0,2,2024
272,Nintendo Switch,Action,91,6.6,1.26,19.99,19,0,0,3,2020
273,Nintendo Switch,Simulation,56,7.0,16.16,19.99,57,1,0,2,2022
274,PC,Fighting,45,6.8,0.59,59.99,19,1,0,1,2016
275,PC,Sports,63,6.6,2.95,59.99,52,1,0,2,2019
276,Xbox,Fighting,55,7.6,7.88,49.99,21,0,0,2,2017
277,PC,Adventure,74,6.2,0.56,69.99,48,1,1,5,2018
278,Mobile,Racing,80,5.2,5.48,59.99,73,1,1,2,2024
279,Nintendo Switch,Racing,82,8.1,13.09,29.99,42,1,0,5,2022
280,Nintendo Switch,Strategy,39,5.8,4.62,29.99,19,0,1,1,2016
281,PC,Adventure,82,8.9,14.71,49.99,46,0,0,2,2023
282,Mobile,Racing,75,6.8,2.55,69.99,78,1,0,3,2021
283,PC,FPS,82,6.3,0.76,19.99,29,0,1,2,2015
284,PC,Fighting,85,5.6,2.16,39.99,80,1,1,3,2017
285,Mobile,Sports,62,6.5,0.35,29.99,24,0,1,1,2022
286,Mobile,Puzzle,58,7.5,95.95,39.99,17,1,0,4,2016
287,PlayStation,Simulation,76,5.8,2.69,49.99,52,1,0,0,2024
288,Nintendo Switch,FPS,86,8.1,0.16,39.99,17,1,0,5,2021
289,PC,Adventure,53,5.3,1.02,29.99,8,1,0,1,2015
290,Xbox,FPS,72,8.4,2.01,69.99,35,1,1,2,2017
291,PC,Fighting,64,7.2,0.4,69.99,63,1,0,2,2024
292,PC,FPS,64,6.3,0.39,59.99,51,0,0,1,2016
293,Xbox,RPG,66,7.6,1.62,19.99,56,0,0,3,2016
294,Nintendo Switch,Simulation,81,9.4,6.12,29.99,20,1,1,2,2024
295,PlayStation,Puzzle,80,8.7,11.3,69.99,48,1,1,0,2016
296,Mobile,FPS,58,7.5,14.49,9.99,27,1,0,3,2018
297,PlayStation,Fighting,51,8.4,1.12,39.99,14,1,1,2,2020
298,PC,Sports,88,6.4,0.05,69.99,44,1,1,2,2015
299,PC,Sports,84,6.1,39.16,39.99,73,1,1,1,2024
300,Xbox,Adventure,90,8.1,1.96,39.99,62,0,0,3,2021
301,Xbox,Adventure,80,7.4,1.41,49.99,73,0,0,0,2021
302,PC,Sports,91,6.6,17.46,49.99,12,1,1,2,2015
303,PlayStation,Strategy,37,8.2,1.7,29.99,7,0,0,3,2024
304,PlayStation,Simulation,70,7.1,5.68,19.99,59,0,1,3,2023
305,Nintendo Switch,Puzzle,61,8.9,3.93,9.99,42,0,0,4,2022
306,PC,FPS,100,3.8,0.42,19.99,79,1,0,2,2016
307,Mobile,FPS,54,6.2,0.53,59.99,33,0,1,2,2021
308,Mobile,Action,51,8.4,1.95,19.99,64,1,0,5,2016
309,PlayStation,Adventure,62,9.5,2.65,9.99,51,1,1,3,2018
310,Xbox,FPS,64,9.0,1.07,49.99,68,0,1,2,2019
311,Xbox,RPG,66,6.1,1.06,39.99,40,0,0,1,2024
312,PlayStation,Sports,85,8.9,2.44,69.99,63,1,0,0,2017
313,Nintendo Switch,Fighting,94,4.3,0.95,49.99,18,1,1,4,2021
314,PC,Adventure,86,5.6,10.37,39.99,76,1,1,3,2021
315,Mobile,Strategy,100,6.6,4.28,69.99,11,1,1,1,2020
316,PlayStation,Adventure,91,7.7,1.23,39.99,50,1,1,1,2021
317,Xbox,Adventure,62,5.5,6.57,49.99,10,1,0,2,2017
318,PC,Adventure,70,6.8,19.99,19.99,43,1,0,4,2021
319,Mobile,RPG,83,9.0,3.55,39.99,49,1,0,1,2021
320,Nintendo Switch,Racing,54,5.2,0.31,49.99,30,1,0,0,2023
321,PlayStation,Puzzle,67,5.1,28.76,19.99,20,0,1,2,2016
322,PC,Puzzle,81,5.8,33.25,9.99,77,0,1,1,2017
323,Mobile,Fighting,100,10.0,17.46,39.99,82,1,0,3,2018
324,Nintendo Switch,Sports,72,7.6,7.0,19.99,44,0,0,2,2022
325,Xbox,Simulation,74,5.7,5.82,39.99,53,1,1,2,2015
326,PC,Fighting,79,8.4,3.37,69.99,57,1,1,1,2016
327,PlayStation,Simulation,45,4.2,3.14,59.99,65,0,0,3,2016
328,Mobile,Puzzle,66,6.8,0.48,19.99,28,0,1,1,2016
329,Xbox,Simulation,59,7.2,0.49,9.99,74,1,0,3,2016
330,Xbox,RPG,83,8.7,0.73,39.99,57,1,0,3,2021
331,Mobile,Adventure,65,4.8,0.13,69.99,27,0,1,2,2020
332,Mobile,Simulation,90,8.9,0.42,49.99,30,1,0,0,2021
333,Mobile,Strategy,78,8.5,2.7,59.99,60,0,0,3,2020
334,PC,Puzzle,69,9.0,0.1,59.99,69,0,1,5,2024
335,PlayStation,Puzzle,63,5.2,0.65,59.99,70,1,0,3,2015
336,Xbox,Strategy,61,9.6,1.92,19.99,9,0,0,2,2020
337,Nintendo Switch,Fighting,96,4.2,0.86,9.99,57,1,1,3,2018
338,Mobile,Simulation,41,5.1,1.64,39.99,37,1,1,4,2023
339,PlayStation,Strategy,70,7.3,4.17,9.99,58,0,0,1,2020
340,Nintendo Switch,Action,73,6.4,11.49,9.99,31,0,0,2,2023
341,PC,Puzzle,38,5.0,0.9,69.99,40,1,0,1,2022
342,Xbox,Puzzle,91,10.0,1.72,39.99,19,1,0,3,2019
343,PlayStation,RPG,75,4.5,0.1,39.99,39,1,1,2,2024
344,PlayStation,Sports,82,4.4,6.61,19.99,65,1,0,2,2021
345,Xbox,Fighting,83,7.5,0.75,69.99,30,1,0,0,2022
346,Xbox,Fighting,85,6.9,4.55,59.99,59,1,1,3,2019
347,Mobile,RPG,84,4.8,1.69,49.99,32,0,0,2,2022
348,Xbox,Puzzle,84,10.0,77.3,59.99,26,1,1,1,2024
349,PlayStation,FPS,77,7.2,42.34,59.99,53,1,1,1,2023
350,Mobile,Strategy,86,6.1,6.98,69.99,40,1,0,3,2019
351,Xbox,Action,100,7.0,5.16,9.99,57,0,0,0,2022
352,Nintendo Switch,Puzzle,59,4.6,3.98,59.99,75,1,1,1,2023
353,Nintendo Switch,Simulation,79,8.6,1.36,39.99,31,1,1,5,2015
354,Xbox,Action,84,7.4,0.85,9.99,20,0,1,3,2021
355,PlayStation,Simulation,48,6.6,0.66,69.99,10,1,0,3,2021
356,Mobile,Strategy,100,7.0,1.05,59.99,38,0,1,3,2016
357,Mobile,FPS,81,5.7,5.1,19.99,30,0,0,2,2016
358,Mobile,Fighting,76,8.7,1.9,19.99,57,1,1,2,2022
359,PC,Fighting,66,6.0,0.13,19.99,49,1,0,2,2021
360,Xbox,Fighting,84,6.2,127.48,49.99,25,1,1,2,2017
361,PC,Fighting,55,7.3,2.13,29.99,61,1,0,1,2024
362,PC,Simulation,97,4.0,68.35,29.99,71,1,0,1,2018
363,Nintendo Switch,Action,87,7.8,1.49,59.99,13,0,0,1,2017
364,Mobile,Simulation,70,7.0,1.88,69.99,69,0,1,3,2018
365,PC,Puzzle,93,7.8,10.93,29.99,34,1,0,1,2024
366,PlayStation,RPG,45,6.6,1.74,49.99,53,1,1,3,2019
367,Xbox,RPG,56,5.7,4.97,49.99,24,1,1,1,2024
368,PlayStation,Action,72,7.2,1.66,9.99,14,1,0,1,2015
369,Mobile,Strategy,73,8.5,1.33,9.99,77,1,0,4,2020
370,Nintendo Switch,Puzzle,78,6.2,27.24,19.99,20,1,1,6,2019
371,PlayStation,Strategy,75,8.2,0.44,49.99,73,1,0,2,2019
372,PlayStation,Racing,90,6.6,1.26,59.99,68,0,0,3,2023
373,PC,Puzzle,50,6.3,42.05,29.99,43,1,0,2,2017
374,PlayStation,FPS,43,8.3,1.66,29.99,52,0,0,1,2017
375,Nintendo Switch,Strategy,51,7.5,0.3,9.99,18,1,0,1,2023
376,PlayStation,Adventure,52,4.9,6.84,19.99,51,1,0,1,2022
377,PlayStation,FPS,72,6.7,2.58,19.99,41,0,1,3,2023
378,Mobile,Strategy,70,5.3,5.33,59.99,15,0,1,2,2024
379,Nintendo Switch,Strategy,77,7.8,3.0,39.99,60,1,1,3,2024
380,PlayStation,Racing,77,5.6,0.52,69.99,28,0,1,4,2022
381,Mobile,Simulation,76,7.2,3.89,49.99,28,0,0,4,2021
382,Xbox,Action,49,7.8,18.18,29.99,73,1,0,1,2016
383,PlayStation,Sports,69,7.8,1.28,59.99,49,0,0,2,2019
384,PlayStation,Simulation,64,6.2,0.72,29.99,10,0,1,1,2024
385,Mobile,Simulation,90,7.1,2.1,9.99,9,0,1,1,2021
386,Mobile,Action,77,6.0,1.99,9.99,35,1,0,1,2019
387,Mobile,FPS,100,6.4,1.68,49.99,57,1,0,2,2015
388,PlayStation,Adventure,57,5.6,17.34,59.99,18,0,1,1,2024
389,PC,Sports,67,7.1,3.91,69.99,23,0,0,2,2020
390,PC,Action,86,7.7,32.66,59.99,37,0,0,1,2020
391,Mobile,FPS,65,5.7,3.82,9.99,38,0,0,3,2020
392,PC,Fighting,78,5.7,4.67,59.99,63,1,0,2,2017
393,Xbox,Racing,63,9.4,71.49,9.99,67,0,0,2,2015
394,PC,Adventure,89,5.7,4.55,29.99,76,1,1,1,2021
395,PC,Strategy,51,8.1,1.85,49.99,19,0,1,0,2020
396,PlayStation,Adventure,100,8.5,0.66,29.99,19,1,0,0,2019
397,PC,RPG,84,7.4,0.75,29.99,15,1,0,2,2017
398,Mobile,Simulation,79,7.5,1.45,9.99,64,0,1,3,2020
399,PlayStation,Racing,78,7.1,1.87,69.99,44,0,1,0,2024
400,PC,Sports,62,5.0,0.12,29.99,51,0,0,1,2023
401,Xbox,RPG,83,8.6,2.65,49.99,23,0,0,3,2022
402,PlayStation,Sports,64,6.3,0.05,9.99,24,1,0,0,2022
403,PlayStation,RPG,41,8.2,18.45,49.99,42,0,1,1,2022
404,PlayStation,Puzzle,73,7.0,0.16,19.99,8,0,0,1,2015
405,PC,Racing,61,7.7,3.59,49.99,60,0,1,2,2021
406,Mobile,Strategy,74,7.4,3.38,49.99,12,1,0,3,2015
407,Nintendo Switch,Simulation,72,6.3,20.36,39.99,76,1,0,2,2021
408,Nintendo Switch,Fighting,51,8.2,3.34,69.99,57,0,0,2,2016
409,Nintendo Switch,FPS,96,5.0,2.34,69.99,59,1,0,0,2017
410,PC,FPS,62,8.8,4.36,69.99,43,1,1,0,2024
411,Xbox,Sports,88,8.7,1.23,59.99,68,1,0,3,2016
412,PlayStation,Puzzle,61,6.6,1.26,59.99,69,0,0,5,2024
413,PlayStation,Puzzle,72,7.4,3.75,49.99,11,1,0,2,2015
414,Mobile,Puzzle,76,6.6,1.75,69.99,79,1,0,3,2019
415,PlayStation,Puzzle,42,5.8,7.11,29.99,57,1,0,2,2022
416,Mobile,RPG,63,6.9,0.72,29.99,49,1,0,2,2020
417,PC,RPG,76,7.4,11.34,59.99,41,0,0,5,2018
418,Nintendo Switch,Action,73,9.0,5.5,9.99,42,1,0,0,2024
419,Mobile,FPS,72,6.7,2.82,59.99,69,0,1,3,2015
420,Mobile,Adventure,86,7.0,0.27,69.99,53,1,0,0,2024
421,PlayStation,Puzzle,60,9.0,9.55,19.99,32,1,1,1,2016
422,PC,Strategy,73,7.8,51.61,9.99,70,1,1,5,2016
423,Nintendo Switch,Racing,52,4.9,1.36,49.99,6,1,0,0,2017
424,PC,FPS,64,7.0,9.86,69.99,53,1,0,1,2016
425,Nintendo Switch,Adventure,90,8.3,2.29,59.99,42,0,1,1,2018
426,Xbox,Fighting,72,10.0,0.52,69.99,54,0,1,4,2018
427,PC,Sports,65,7.3,0.86,69.99,60,1,0,6,2019
428,Xbox,Action,60,3.9,2.31,49.99,44,1,0,3,2023
429,Nintendo Switch,RPG,51,4.3,5.37,29.99,41,0,0,2,2017
430,Mobile,Fighting,86,6.0,0.3,69.99,71,1,1,3,2020
431,Xbox,FPS,100,5.6,0.94,49.99,71,1,1,1,2024
432,Nintendo Switch,Adventure,65,8.2,2.86,59.99,73,0,0,2,2018
433,Nintendo Switch,Action,44,9.8,0.41,59.99,7,0,0,5,2021
434,Xbox,Strategy,95,8.2,4.9,59.99,70,1,0,0,2018
435,PC,Action,58,8.4,36.08,49.99,23,0,0,3,2021
436,Mobile,Adventure,77,8.0,2.33,29.99,46,0,1,4,2015
437,Nintendo Switch,Sports,79,7.5,8.19,19.99,44,1,0,1,2023
438,PC,Racing,88,5.9,0.4,49.99,31,1,1,3,2015
439,Nintendo Switch,Fighting,68,8.2,1.06,39.99,80,0,0,2,2019
440,Nintendo Switch,Racing,78,6.5,12.08,19.99,8,0,1,1,2022
441,Nintendo Switch,Sports,67,8.2,0.35,19.99,54,1,0,5,2022
442,PC,FPS,42,7.6,0.94,59.99,33,0,1,1,2020
443,PlayStation,Adventure,65,7.0,15.09,29.99,21,1,1,1,2020
444,Mobile,RPG,77,5.9,1.09,9.99,27,1,1,2,2016
445,Mobile,Simulation,57,6.9,0.14,59.99,82,1,0,0,2018
446,PlayStation,Strategy,73,6.1,1.17,59.99,54,0,0,2,2022
447,Nintendo Switch,Fighting,76,4.4,37.18,49.99,33,0,0,2,2016
448,PlayStation,Sports,92,5.3,23.56,49.99,21,0,0,3,2020
449,Xbox,Sports,58,7.4,2.41,9.99,69,0,0,3,2017
450,Xbox,Simulation,75,3.1,1.92,49.99,65,1,0,1,2021
451,PC,RPG,55,10.0,93.56,39.99,71,1,0,4,2023
452,PC,Sports,39,6.2,0.67,9.99,31,1,0,1,2022
453,Xbox,Puzzle,64,8.3,1.04,29.99,47,1,0,2,2022
454,PlayStation,Racing,63,3.8,13.32,9.99,8,0,0,1,2023
455,PC,FPS,77,5.5,0.74,19.99,26,0,1,0,2016
456,PlayStation,Racing,89,8.6,4.71,29.99,37,1,1,4,2020
457,PC,Simulation,73,7.6,0.43,19.99,75,1,0,1,2023
458,Mobile,Racing,62,6.4,25.41,29.99,74,0,1,4,2016
459,PlayStation,Strategy,59,10.0,1.42,9.99,29,1,0,2,2023
460,Xbox,RPG,89,4.9,1.03,69.99,70,1,0,4,2016
461,Xbox,Puzzle,82,8.6,0.77,19.99,28,0,0,3,2023
462,PC,RPG,58,6.4,0.48,29.99,13,1,0,1,2015
463,PlayStation,Sports,51,5.7,1.61,69.99,50,1,1,2,2020
464,Nintendo Switch,Simulation,58,4.1,0.08,49.99,16,1,0,0,2020
465,Xbox,Strategy,86,4.3,0.53,19.99,62,0,0,2,2016
466,Xbox,Adventure,57,7.2,2.79,39.99,17,1,0,1,2021
467,PlayStation,Simulation,78,7.1,3.1,29.99,77,1,0,3,2024
468,PlayStation,Sports,97,5.9,2.45,59.99,15,1,0,1,2018
469,PC,Strategy,60,6.7,0.87,69.99,68,1,0,2,2018
470,Nintendo Switch,Puzzle,66,6.8,26.32,59.99,40,1,0,0,2023
471,Xbox,RPG,71,6.3,10.01,59.99,43,1,1,0,2016
472,PlayStation,Fighting,47,5.5,2.33,59.99,26,1,1,1,2023
473,Xbox,Strategy,61,7.8,2.29,49.99,56,0,0,0,2023
474,Nintendo Switch,Fighting,74,8.9,1.33,49.99,23,0,0,1,2020
475,Mobile,Sports,57,7.6,1.04,59.99,23,1,0,3,2024
476,Mobile,RPG,100,7.7,2.15,59.99,31,1,1,2,2021
477,Nintendo Switch,Sports,64,8.1,11.22,9.99,25,0,1,0,2018
478,PlayStation,Strategy,69,6.7,1.39,69.99,30,1,0,3,2015
479,Mobile,Simulation,63,6.0,18.55,59.99,50,1,0,0,2023
480,PlayStation,RPG,68,4.0,1.02,59.99,63,1,0,3,2023
481,PC,Puzzle,61,6.2,25.46,9.99,23,0,0,2,2015
482,Xbox,Racing,40,6.1,1.74,69.99,53,1,0,2,2018
483,PC,Simulation,66,5.4,7.54,59.99,19,0,0,0,2021
484,Mobile,Strategy,99,7.4,82.57,59.99,12,0,0,3,2017
485,Mobile,FPS,96,6.7,102.25,19.99,43,1,0,0,2019
486,PlayStation,RPG,56,7.6,0.36,19.99,69,0,0,1,2019
487,Mobile,Strategy,48,5.3,12.81,39.99,34,1,0,1,2022
488,PlayStation,Action,41,4.7,0.66,49.99,60,1,1,0,2023
489,Nintendo Switch,Puzzle,57,8.0,4.77,29.99,50,0,0,2,2015
490,Mobile,Simulation,63,8.2,5.66,39.99,24,0,0,2,2016
491,Nintendo Switch,RPG,78,5.7,9.89,69.99,7,1,0,5,2019
492,Nintendo Switch,Sports,65,6.5,0.4,59.99,71,1,1,1,2015
493,Xbox,Sports,85,7.4,0.46,69.99,41,1,0,2,2020
494,PlayStation,Adventure,80,7.9,0.79,39.99,61,0,0,1,2020
495,Nintendo Switch,FPS,77,4.4,6.52,69.99,26,0,0,2,2017
496,Xbox,Racing,70,8.5,3.93,39.99,68,1,0,0,2018
497,Mobile,Puzzle,86,5.0,5.04,69.99,7,1,1,1,2017
498,Mobile,Sports,81,4.9,0.47,59.99,79,1,1,2,2019
499,Nintendo Switch,Action,50,6.4,3.49,29.99,20,1,1,0,2023
500,Mobile,Fighting,79,6.4,1.01,69.99,67,1,1,3,2024
501,PlayStation,Adventure,63,7.0,1.08,59.99,17,1,0,2,2017
502,Mobile,Simulation,85,7.2,2.24,39.99,8,0,0,0,2016
503,PC,FPS,81,9.5,0.28,9.99,9,0,1,4,2020
504,Mobile,Racing,97,5.6,6.02,9.99,14,1,0,1,2024
505,Nintendo Switch,FPS,42,8.6,0.32,9.99,51,1,0,4,2015
506,Xbox,Puzzle,76,4.8,1.47,39.99,47,1,1,1,2023
507,PlayStation,Racing,62,5.1,8.27,39.99,79,1,0,7,2024
508,PlayStation,RPG,100,5.6,0.28,49.99,36,1,1,1,2017
509,Xbox,Adventure,26,4.1,0.33,69.99,42,0,1,4,2017
510,PlayStation,Simulation,78,7.7,12.85,19.99,16,1,1,1,2022
511,Nintendo Switch,Puzzle,80,8.8,0.54,49.99,66,1,0,0,2020
512,Nintendo Switch,Puzzle,39,8.4,11.61,59.99,32,0,1,2,2017
513,Xbox,Simulation,79,4.7,5.25,9.99,51,1,0,0,2020
514,Nintendo Switch,FPS,41,10.0,0.36,69.99,75,0,0,3,2020
515,PC,Sports,61,7.2,3.51,19.99,48,0,0,1,2017
516,Nintendo Switch,Racing,78,9.3,5.36,49.99,50,1,1,1,2020
517,PlayStation,Strategy,57,6.8,0.34,29.99,23,0,0,2,2024
518,Xbox,Simulation,73,6.8,2.98,29.99,55,1,1,2,2022
519,PC,Action,71,6.4,9.52,29.99,11,0,0,3,2023
520,Nintendo Switch,Puzzle,80,10.0,2.4,9.99,18,1,1,4,2017
521,PC,Puzzle,55,9.1,3.4,19.99,17,1,1,0,2016
522,Mobile,Action,85,6.9,2.2,9.99,12,1,0,2,2024
523,Mobile,Puzzle,28,6.5,12.62,69.99,19,1,0,2,2024
524,PC,RPG,94,8.1,2.35,29.99,78,1,1,0,2021
525,Mobile,Strategy,68,4.2,0.95,39.99,52,1,0,3,2022
526,Mobile,FPS,69,3.7,1.94,9.99,12,1,0,1,2023
527,Mobile,Racing,76,5.4,0.26,19.99,44,1,1,2,2015
528,Xbox,Adventure,74,7.6,0.03,9.99,61,0,0,1,2015
529,Xbox,Adventure,71,8.6,0.79,19.99,24,1,0,2,2015
530,Mobile,Fighting,90,5.1,26.74,59.99,32,1,0,3,2018
531,PlayStation,Sports,49,9.3,12.53,39.99,66,0,0,0,2017
532,Mobile,FPS,57,6.2,0.23,49.99,71,0,1,1,2021
533,Mobile,Action,78,7.6,0.56,19.99,57,1,0,6,2020
534,Mobile,Fighting,66,6.2,1.07,19.99,61,1,1,1,2017
535,PlayStation,Sports,91,6.8,2.04,29.99,19,1,1,3,2017
536,PlayStation,Action,100,9.7,0.58,69.99,38,1,0,1,2019
537,Mobile,Action,72,6.2,1.08,29.99,17,0,1,0,2018
538,Nintendo Switch,RPG,46,5.6,12.64,39.99,71,1,0,2,2023
539,PC,RPG,58,8.0,0.61,69.99,29,1,0,3,2015
540,Xbox,Racing,41,8.5,6.31,59.99,50,1,1,0,2015
541,PC,Racing,81,4.7,8.52,59.99,81,1,1,0,2019
542,Xbox,RPG,57,7.6,99.28,69.99,60,1,0,2,2022
543,PC,Sports,69,7.8,0.97,9.99,76,0,1,4,2018
544,PlayStation,FPS,67,9.6,0.51,69.99,58,1,1,4,2023
545,Mobile,RPG,88,6.4,0.21,49.99,71,1,0,1,2021
546,Xbox,FPS,72,9.0,7.32,49.99,24,0,0,1,2017
547,Mobile,RPG,67,7.2,5.17,69.99,56,1,1,1,2020
548,Mobile,Strategy,58,6.6,2.33,39.99,71,1,1,3,2020
549,PlayStation,Fighting,81,5.9,4.41,49.99,50,1,1,3,2019
550,Xbox,Puzzle,55,7.7,3.08,9.99,45,0,0,0,2022
551,Nintendo Switch,Racing,53,5.2,1.47,29.99,11,1,0,1,2015
552,PlayStation,Fighting,63,5.4,1.64,59.99,56,0,1,2,2024
553,Mobile,Racing,100,7.9,2.35,39.99,46,1,1,1,2018
554,Xbox,Sports,70,9.8,107.45,49.99,52,1,0,3,2021
555,PlayStation,Action,71,4.9,10.65,69.99,22,1,0,3,2020
556,PlayStation,Strategy,76,5.9,0.47,59.99,28,1,1,5,2021
557,Nintendo Switch,Racing,75,7.4,4.93,39.99,45,1,0,2,2017
558,PC,Strategy,68,6.2,2.69,39.99,78,1,1,0,2017
559,Xbox,Fighting,57,4.2,40.8,19.99,42,0,1,2,2015
560,Xbox,Adventure,65,5.7,17.96,19.99,63,1,1,1,2021
561,Xbox,Sports,68,7.7,2.34,39.99,26,0,1,3,2018
562,Xbox,FPS,50,6.6,2.61,59.99,32,1,0,2,2023
563,PC,Simulation,68,7.6,0.49,19.99,16,0,0,1,2019
564,PlayStation,Fighting,74,5.0,7.26,49.99,44,1,0,2,2019
565,PlayStation,FPS,63,7.5,15.18,39.99,68,1,0,1,2023
566,PC,FPS,90,3.9,3.26,19.99,33,0,0,2,2015
567,PlayStation,Racing,76,8.2,4.04,49.99,52,0,1,1,2020
568,PC,Fighting,60,9.1,1.67,29.99,52,0,1,3,2022
569,PC,Puzzle,65,4.9,10.2,69.99,9,0,0,1,2015
570,PlayStation,Strategy,90,6.1,0.36,29.99,66,1,0,4,2024
571,PlayStation,Action,62,4.8,0.51,59.99,23,1,0,1,2023
572,PC,Adventure,59,7.1,10.95,69.99,55,0,1,4,2022
573,Nintendo Switch,Racing,59,7.2,0.33,39.99,41,1,0,1,2020
574,Mobile,Simulation,73,5.0,1.05,9.99,6,0,0,0,2023
575,Xbox,FPS,75,6.1,1.79,49.99,40,0,0,1,2017
576,PC,Racing,82,8.6,5.51,59.99,10,1,0,2,2018
577,PlayStation,Strategy,61,7.8,3.42,59.99,11,1,1,1,2017
578,PC,RPG,94,7.3,0.03,69.99,65,0,0,3,2019
579,PlayStation,Fighting,79,8.6,6.5,59.99,10,1,0,2,2015
580,PC,Adventure,65,9.7,1.95,39.99,37,1,0,1,2015
581,PlayStation,Adventure,84,7.2,13.46,19.99,44,1,0,1,2016
582,Nintendo Switch,Fighting,100,7.5,0.63,29.99,45,1,1,0,2015
583,Mobile,Action,79,6.6,28.89,19.99,47,0,1,3,2017
584,PlayStation,Action,98,7.3,0.47,49.99,79,1,1,3,2016
585,Nintendo Switch,Sports,56,5.9,1.36,39.99,13,1,0,2,2024
586,Mobile,Strategy,43,4.5,18.0,59.99,34,1,1,6,2021
587,PlayStation,Strategy,79,8.2,80.04,29.99,65,1,1,3,2022
588,Xbox,Strategy,89,8.0,0.47,49.99,83,1,1,1,2016
589,PC,Puzzle,52,7.1,114.44,69.99,28,0,0,3,2018
590,PC,RPG,90,7.2,0.08,29.99,9,0,1,5,2022
591,PC,Adventure,65,6.0,8.45,59.99,39,1,0,3,2024
592,PlayStation,Sports,81,8.8,38.17,29.99,43,1,1,2,2015
593,Xbox,Strategy,75,5.2,0.58,39.99,66,1,0,2,2022
594,Xbox,Racing,78,9.1,17.17,39.99,32,1,1,4,2022
595,Xbox,Racing,80,7.9,1.26,9.99,36,0,1,1,2016
596,Mobile,Strategy,70,7.4,0.88,9.99,8,1,1,2,2017
597,PlayStation,Action,65,7.5,0.36,9.99,82,1,1,2,2023
598,Nintendo Switch,Fighting,77,8.5,2.42,9.99,32,1,1,0,2024
599,Mobile,Racing,67,6.2,3.37,59.99,48,1,0,2,2019
600,PlayStation,FPS,61,8.2,0.45,69.99,65,0,0,5,2021
